Classifier,Metric,Improvement %,Significant %
SVM,AUC,8.436566840978168,0.0
SVM,Accuracy,-1.0347873700056074,0.0
SVM,F1,15.167027426712135,0.0
SVM,Precision,-2.559575327321519,0.0
SVM,Recall,22.6844787601082,0.0
